{"cameraMode":{"drawMode":0,"name":"Shaded","section":"Shading Mode"},"sceneLighting":true,"audioPlay":false,"sceneViewState":{"m_AlwaysRefresh":false,"showFog":true,"showSkybox":true,"showFlares":true,"showImageEffects":true,"showParticleSystems":true,"showVisualEffectGraphs":true,"m_FxEnabled":true},"in2DMode":false,"pivot":{"x":-0.8798862099647522,"y":3.5966811180114748,"z":-17.235891342163087},"rotation":{"x":0.05274416506290436,"y":0.03924550488591194,"z":-0.002088370034471154,"w":0.9978539943695068},"size":0.7898368239402771,"orthographic":false}